{"info":{"_postman_id":"9c7a4c09-43e1-476c-945a-640de569bbc1","name":"Authorization","schema":"https://schema.getpostman.com/json/collection/v2.1.0/collection.json"},"item":[{"name":"https://gorest.co.in/public-api/users","id":"275051cf-725d-43cf-b0c7-30ac385e0237","protocolProfileBehavior":{"disableBodyPruning":true},"request":{"method":"GET","header":[{"key":"Authorization","value":"Bearer 4d191b5eadbd1990bf95f7f88418abbe80fc3411a13b395df15ea72ff3600588","description":"This authorization is bearer token based. You can get the bearer token from the GoRest site. You must register with the GoRest site to get the bearer token.\nExample:\nimport requests\n\nurl = \"https://gorest.co.in/public-api/users\"\n\nheaders = {\n    'authorization': \"Bearer 4d191b5eadbd1990bf95f7f88418abbe80fc3411a13b395df15ea72ff3600588\",\n    'cache-control': \"no-cache\",\n    'postman-token': \"ea46a3bb-e86d-19a3-bd39-d3b199b8b65d\"\n    }\n\nresponse = requests.request(\"GET\", url, headers=headers)\n\nprint(response.text)"}],"url":{"raw":"https://gorest.co.in/public-api/users","protocol":"https","host":["gorest","co","in"],"path":["public-api","users"]},"description":"Use this API endpoint for fetching the list of all users."},"response":[{"id":"f96eb84a-98ad-45e0-9ccc-2e57919ad400","name":"https://gorest.co.in/public-api/users","originalRequest":{"method":"GET","header":[{"key":"Authorization","value":"Bearer 4d191b5eadbd1990bf95f7f88418abbe80fc3411a13b395df15ea72ff3600588","description":"This authorization is bearer token based. You can get the bearer token from the GoRest site. You must register with the GoRest site to get the bearer token.\nExample:\nimport requests\n\nurl = \"https://gorest.co.in/public-api/users\"\n\nheaders = {\n    'authorization': \"Bearer 4d191b5eadbd1990bf95f7f88418abbe80fc3411a13b395df15ea72ff3600588\",\n    'cache-control': \"no-cache\",\n    'postman-token': \"ea46a3bb-e86d-19a3-bd39-d3b199b8b65d\"\n    }\n\nresponse = requests.request(\"GET\", url, headers=headers)\n\nprint(response.text)"}],"url":{"raw":"https://gorest.co.in/public-api/users","protocol":"https","host":["gorest","co","in"],"path":["public-api","users"]}},"status":"OK","code":200,"_postman_previewlanguage":"json","header":[{"key":"Date","value":"Mon, 31 Oct 2022 05:47:43 GMT"},{"key":"Content-Type","value":"application/json; charset=utf-8"},{"key":"Transfer-Encoding","value":"chunked"},{"key":"Connection","value":"keep-alive"},{"key":"Cache-Control","value":"max-age=0, private, must-revalidate"},{"key":"etag","value":"W/\"a90dbd65f06d34dce41e8bb3f41e7c3e\""},{"key":"referrer-policy","value":"strict-origin-when-cross-origin"},{"key":"vary","value":"Origin"},{"key":"x-content-type-options","value":"nosniff"},{"key":"x-download-options","value":"noopen"},{"key":"x-frame-options","value":"SAMEORIGIN"},{"key":"x-permitted-cross-domain-policies","value":"none"},{"key":"x-request-id","value":"2fcf602b-6c1c-4d63-b968-c52c4b629510"},{"key":"x-runtime","value":"0.027227"},{"key":"x-xss-protection","value":"0"},{"key":"CF-Cache-Status","value":"DYNAMIC"},{"key":"Report-To","value":"{\"endpoints\":[{\"url\":\"https:\\/\\/a.nel.cloudflare.com\\/report\\/v3?s=vEbSnQD8xxiKXKcszSFPAEoXCZI2%2F%2BO4wnZnXQDAChcsh8Wx7DcqcwFJelaOrvmnMSCwmcwqm1Kijw0I5PQ1Jp16SChHzr8MhSZnuSkn%2BvvEgTZvhnDIlZCHO3doCdc%3D\"}],\"group\":\"cf-nel\",\"max_age\":604800}"},{"key":"NEL","value":"{\"success_fraction\":0,\"report_to\":\"cf-nel\",\"max_age\":604800}"},{"key":"Server","value":"cloudflare"},{"key":"CF-RAY","value":"762a18fc9bd47fe7-IAD"},{"key":"Content-Encoding","value":"br"},{"key":"alt-svc","value":"h3=\":443\"; ma=86400, h3-29=\":443\"; ma=86400"}],"cookie":[],"responseTime":null,"body":"{\n    \"code\": 200,\n    \"meta\": {\n        \"pagination\": {\n            \"total\": 4213,\n            \"pages\": 422,\n            \"page\": 1,\n            \"limit\": 10\n        }\n    },\n    \"data\": [\n        {\n            \"id\": 4264,\n            \"name\": \"Bhagvan Iyengar\",\n            \"email\": \"iyengar_bhagvan@langosh.co\",\n            \"gender\": \"female\",\n            \"status\": \"active\"\n        },\n        {\n            \"id\": 4263,\n            \"name\": \"Nanda Deshpande\",\n            \"email\": \"nanda_deshpande@hermann-johns.co\",\n            \"gender\": \"male\",\n            \"status\": \"active\"\n        },\n        {\n            \"id\": 4261,\n            \"name\": \"Jai Iyengar\",\n            \"email\": \"jai_iyengar@thiel.name\",\n            \"gender\": \"female\",\n            \"status\": \"inactive\"\n        },\n        {\n            \"id\": 4260,\n            \"name\": \"Kalinda Mehra\",\n            \"email\": \"kalinda_mehra@schuppe.org\",\n            \"gender\": \"female\",\n            \"status\": \"active\"\n        },\n        {\n            \"id\": 4259,\n            \"name\": \"Acharyasuta Rana\",\n            \"email\": \"acharyasuta_rana@rippin-roob.net\",\n            \"gender\": \"female\",\n            \"status\": \"inactive\"\n        },\n        {\n            \"id\": 4258,\n            \"name\": \"Abhaya Johar\",\n            \"email\": \"abhaya_johar@witting.com\",\n            \"gender\": \"female\",\n            \"status\": \"inactive\"\n        },\n        {\n            \"id\": 4257,\n            \"name\": \"Pres. Dayaanidhi Ahluwalia\",\n            \"email\": \"ahluwalia_dayaanidhi_pres@rice-armstrong.co\",\n            \"gender\": \"male\",\n            \"status\": \"inactive\"\n        },\n        {\n            \"id\": 4255,\n            \"name\": \"Bhagwati Guneta\",\n            \"email\": \"bhagwati_guneta@bayer.name\",\n            \"gender\": \"female\",\n            \"status\": \"inactive\"\n        },\n        {\n            \"id\": 4254,\n            \"name\": \"Daevi Gill\",\n            \"email\": \"gill_daevi@dach.io\",\n            \"gender\": \"female\",\n            \"status\": \"active\"\n        },\n        {\n            \"id\": 4253,\n            \"name\": \"Harit Malik\",\n            \"email\": \"malik_harit@schimmel-kuphal.net\",\n            \"gender\": \"male\",\n            \"status\": \"inactive\"\n        }\n    ]\n}"}]},{"name":"https://52cd37ee-f16a-4dbe-8dbc-b1ace915940c.mock.pstmn.io","id":"7cb86788-0611-4d38-bb3c-61fc648b8a10","protocolProfileBehavior":{"disableBodyPruning":true},"request":{"method":"GET","header":[],"url":{"raw":"https://52cd37ee-f16a-4dbe-8dbc-b1ace915940c.mock.pstmn.io","protocol":"https","host":["52cd37ee-f16a-4dbe-8dbc-b1ace915940c","mock","pstmn","io"]}},"response":[]}]}