{"info":{"_postman_id":"d30c5450-4675-45af-a81a-f5413893e389","name":"Authorization","schema":"https://schema.getpostman.com/json/collection/v2.1.0/collection.json"},"item":[{"name":"https://gorest.co.in/public-api/users","id":"751c7f27-4dc0-4bc8-861b-4a4519ff7742","protocolProfileBehavior":{"disableBodyPruning":true},"request":{"method":"GET","header":[{"key":"Authorization","value":"Bearer 4d191b5eadbd1990bf95f7f88418abbe80fc3411a13b395df15ea72ff3600588","description":"This authorization is bearer token based. You can get the bearer token from the GoRest site. You must register with the GoRest site to get the bearer token.\nExample:\nimport requests\n\nurl = \"https://gorest.co.in/public-api/users\"\n\nheaders = {\n    'authorization': \"Bearer 4d191b5eadbd1990bf95f7f88418abbe80fc3411a13b395df15ea72ff3600588\",\n    'cache-control': \"no-cache\",\n    'postman-token': \"ea46a3bb-e86d-19a3-bd39-d3b199b8b65d\"\n    }\n\nresponse = requests.request(\"GET\", url, headers=headers)\n\nprint(response.text)"}],"url":{"raw":"https://gorest.co.in/public-api/users","protocol":"https","host":["gorest","co","in"],"path":["public-api","users"]},"description":"Use this API endpoint for fetching the list of all users."},"response":[]}]}